areaCode,areaName,areaType,date,newAdmissions,newCasesByPublishDate,newDeaths28DaysByPublishDate,newPeopleVaccinatedCompleteByPublishDate
K02000001,United Kingdom,overview,2022-06-26,1406,,,
K02000001,United Kingdom,overview,2022-06-25,1149,,,
K02000001,United Kingdom,overview,2022-06-24,1261,,,
K02000001,United Kingdom,overview,2022-06-23,1411,,,
K02000001,United Kingdom,overview,2022-06-22,1331,,,
K02000001,United Kingdom,overview,2022-06-21,1360,,,
K02000001,United Kingdom,overview,2022-06-20,1228,,,
K02000001,United Kingdom,overview,2022-06-19,1076,,,
K02000001,United Kingdom,overview,2022-06-18,923,,,
K02000001,United Kingdom,overview,2022-06-17,1006,,,
K02000001,United Kingdom,overview,2022-06-16,990,,,
K02000001,United Kingdom,overview,2022-06-15,1020,,,
K02000001,United Kingdom,overview,2022-06-14,923,,,
K02000001,United Kingdom,overview,2022-06-13,879,,,
K02000001,United Kingdom,overview,2022-06-12,787,,,
K02000001,United Kingdom,overview,2022-06-11,698,,,
K02000001,United Kingdom,overview,2022-06-10,750,,,
K02000001,United Kingdom,overview,2022-06-09,780,,,
K02000001,United Kingdom,overview,2022-06-08,805,,,
K02000001,United Kingdom,overview,2022-06-07,722,,,
K02000001,United Kingdom,overview,2022-06-06,743,,,
K02000001,United Kingdom,overview,2022-06-05,641,,,
K02000001,United Kingdom,overview,2022-06-04,531,,,
K02000001,United Kingdom,overview,2022-06-03,503,,,
K02000001,United Kingdom,overview,2022-06-02,532,,,
K02000001,United Kingdom,overview,2022-06-01,589,,,
K02000001,United Kingdom,overview,2022-05-31,600,,,
K02000001,United Kingdom,overview,2022-05-30,580,,,
K02000001,United Kingdom,overview,2022-05-29,528,,,
K02000001,United Kingdom,overview,2022-05-28,462,,,
K02000001,United Kingdom,overview,2022-05-27,536,,,
K02000001,United Kingdom,overview,2022-05-26,507,,,
K02000001,United Kingdom,overview,2022-05-25,598,,,
K02000001,United Kingdom,overview,2022-05-24,591,,,
K02000001,United Kingdom,overview,2022-05-23,598,,,
K02000001,United Kingdom,overview,2022-05-22,541,,,
K02000001,United Kingdom,overview,2022-05-21,456,,,
K02000001,United Kingdom,overview,2022-05-20,535,6338,87,
K02000001,United Kingdom,overview,2022-05-19,654,12208,169,
K02000001,United Kingdom,overview,2022-05-18,721,7791,126,
K02000001,United Kingdom,overview,2022-05-17,675,8603,185,
K02000001,United Kingdom,overview,2022-05-16,694,22337,153,
K02000001,United Kingdom,overview,2022-05-15,635,173,0,
K02000001,United Kingdom,overview,2022-05-14,618,1082,5,
K02000001,United Kingdom,overview,2022-05-13,635,6592,151,
K02000001,United Kingdom,overview,2022-05-12,790,14564,186,
K02000001,United Kingdom,overview,2022-05-11,783,8135,207,
K02000001,United Kingdom,overview,2022-05-10,871,10413,284,
K02000001,United Kingdom,overview,2022-05-09,853,26280,212,
K02000001,United Kingdom,overview,2022-05-08,757,0,0,
K02000001,United Kingdom,overview,2022-05-07,710,0,0,
K02000001,United Kingdom,overview,2022-05-06,823,11076,228,
K02000001,United Kingdom,overview,2022-05-05,875,12487,438,
K02000001,United Kingdom,overview,2022-05-04,1006,16611,227,
K02000001,United Kingdom,overview,2022-05-03,1022,35635,407,
K02000001,United Kingdom,overview,2022-05-02,945,0,0,
K02000001,United Kingdom,overview,2022-05-01,913,0,0,
K02000001,United Kingdom,overview,2022-04-30,829,0,0,
K02000001,United Kingdom,overview,2022-04-29,1004,12421,216,
K02000001,United Kingdom,overview,2022-04-28,1074,14030,248,
K02000001,United Kingdom,overview,2022-04-27,1229,17224,304,
K02000001,United Kingdom,overview,2022-04-26,1255,16579,451,
K02000001,United Kingdom,overview,2022-04-25,1279,45077,341,
K02000001,United Kingdom,overview,2022-04-24,1191,0,0,
K02000001,United Kingdom,overview,2022-04-23,1205,0,0,
K02000001,United Kingdom,overview,2022-04-22,1366,19795,284,
K02000001,United Kingdom,overview,2022-04-21,1436,23456,682,
K02000001,United Kingdom,overview,2022-04-20,1508,26147,508,
K02000001,United Kingdom,overview,2022-04-19,1623,116227,482,
K02000001,United Kingdom,overview,2022-04-18,1666,0,0,
K02000001,United Kingdom,overview,2022-04-17,1492,0,0,
K02000001,United Kingdom,overview,2022-04-16,1449,0,0,
K02000001,United Kingdom,overview,2022-04-15,1646,0,0,
K02000001,United Kingdom,overview,2022-04-14,1899,32608,350,
K02000001,United Kingdom,overview,2022-04-13,2115,35926,651,
K02000001,United Kingdom,overview,2022-04-12,2244,37819,288,
K02000001,United Kingdom,overview,2022-04-11,2112,91201,348,
K02000001,United Kingdom,overview,2022-04-10,1995,0,0,
K02000001,United Kingdom,overview,2022-04-09,1906,0,0,
K02000001,United Kingdom,overview,2022-04-08,1999,41384,347,
K02000001,United Kingdom,overview,2022-04-07,2267,47126,317,
K02000001,United Kingdom,overview,2022-04-06,2440,51253,233,
K02000001,United Kingdom,overview,2022-04-05,2595,50202,368,
K02000001,United Kingdom,overview,2022-04-04,2458,143382,210,
K02000001,United Kingdom,overview,2022-04-03,2303,0,0,
K02000001,United Kingdom,overview,2022-04-02,2083,0,0,
K02000001,United Kingdom,overview,2022-04-01,2147,69811,191,
K02000001,United Kingdom,overview,2022-03-31,2429,74720,192,
K02000001,United Kingdom,overview,2022-03-30,2687,87188,213,
K02000001,United Kingdom,overview,2022-03-29,2561,80830,303,
K02000001,United Kingdom,overview,2022-03-28,2558,215001,217,
K02000001,United Kingdom,overview,2022-03-27,2246,0,0,
K02000001,United Kingdom,overview,2022-03-26,2136,0,0,
K02000001,United Kingdom,overview,2022-03-25,2247,77509,172,
K02000001,United Kingdom,overview,2022-03-24,2359,98204,165,
K02000001,United Kingdom,overview,2022-03-23,2499,102483,194,
K02000001,United Kingdom,overview,2022-03-22,2432,94524,250,
K02000001,United Kingdom,overview,2022-03-21,2283,226524,169,
K02000001,United Kingdom,overview,2022-03-20,2037,0,0,
K02000001,United Kingdom,overview,2022-03-19,2060,0,0,
K02000001,United Kingdom,overview,2022-03-18,1964,90349,126,
K02000001,United Kingdom,overview,2022-03-17,2085,89717,138,
K02000001,United Kingdom,overview,2022-03-16,2138,91345,153,
K02000001,United Kingdom,overview,2022-03-15,2148,109802,200,
K02000001,United Kingdom,overview,2022-03-14,1990,170985,135,
K02000001,United Kingdom,overview,2022-03-13,1827,0,0,
K02000001,United Kingdom,overview,2022-03-12,1629,0,0,
K02000001,United Kingdom,overview,2022-03-11,1736,72898,114,
K02000001,United Kingdom,overview,2022-03-10,1719,71259,142,
K02000001,United Kingdom,overview,2022-03-09,1832,67159,123,
K02000001,United Kingdom,overview,2022-03-08,1698,61900,212,
K02000001,United Kingdom,overview,2022-03-07,1530,126604,139,
K02000001,United Kingdom,overview,2022-03-06,1456,0,0,
K02000001,United Kingdom,overview,2022-03-05,1246,0,0,
K02000001,United Kingdom,overview,2022-03-04,1370,44740,110,
K02000001,United Kingdom,overview,2022-03-03,1477,45656,194,
K02000001,United Kingdom,overview,2022-03-02,1458,44017,74,
K02000001,United Kingdom,overview,2022-03-01,1365,39000,194,
K02000001,United Kingdom,overview,2022-02-28,1400,82451,138,
K02000001,United Kingdom,overview,2022-02-27,1100,0,0,
K02000001,United Kingdom,overview,2022-02-26,1085,0,0,
K02000001,United Kingdom,overview,2022-02-25,1107,31933,120,
K02000001,United Kingdom,overview,2022-02-24,1224,38933,125,
K02000001,United Kingdom,overview,2022-02-23,1243,39656,164,
K02000001,United Kingdom,overview,2022-02-22,1178,41130,205,
K02000001,United Kingdom,overview,2022-02-21,1243,38409,15,
K02000001,United Kingdom,overview,2022-02-20,1137,31170,74,
K02000001,United Kingdom,overview,2022-02-19,1014,39693,142,
K02000001,United Kingdom,overview,2022-02-18,1102,47685,158,
K02000001,United Kingdom,overview,2022-02-17,1186,51899,183,
K02000001,United Kingdom,overview,2022-02-16,1374,54218,199,
K02000001,United Kingdom,overview,2022-02-15,1371,46186,234,
K02000001,United Kingdom,overview,2022-02-14,1353,41648,35,
K02000001,United Kingdom,overview,2022-02-13,1187,41270,52,
K02000001,United Kingdom,overview,2022-02-12,1148,46025,167,
K02000001,United Kingdom,overview,2022-02-11,1189,58899,193,
K02000001,United Kingdom,overview,2022-02-10,1346,66638,206,
K02000001,United Kingdom,overview,2022-02-09,1426,68214,276,
K02000001,United Kingdom,overview,2022-02-08,1478,66183,314,
K02000001,United Kingdom,overview,2022-02-07,1434,57623,45,
K02000001,United Kingdom,overview,2022-02-06,1350,57337,75,
K02000001,United Kingdom,overview,2022-02-05,1248,63493,259,
K02000001,United Kingdom,overview,2022-02-04,1422,84053,254,
K02000001,United Kingdom,overview,2022-02-03,1493,88171,303,
K02000001,United Kingdom,overview,2022-02-02,1662,92594,552,
K02000001,United Kingdom,overview,2022-02-01,1771,112458,219,
K02000001,United Kingdom,overview,2022-01-31,1663,92368,51,
K02000001,United Kingdom,overview,2022-01-30,1426,69007,91,
K02000001,United Kingdom,overview,2022-01-29,1451,76069,296,
K02000001,United Kingdom,overview,2022-01-28,1529,89176,277,
K02000001,United Kingdom,overview,2022-01-27,1684,96871,338,
K02000001,United Kingdom,overview,2022-01-26,1882,102292,346,
K02000001,United Kingdom,overview,2022-01-25,1901,94326,439,
K02000001,United Kingdom,overview,2022-01-24,1785,88447,56,
K02000001,United Kingdom,overview,2022-01-23,1690,78317,75,
K02000001,United Kingdom,overview,2022-01-22,1439,80263,297,
K02000001,United Kingdom,overview,2022-01-21,1676,95787,288,
K02000001,United Kingdom,overview,2022-01-20,1912,107364,330,
K02000001,United Kingdom,overview,2022-01-19,1991,108069,359,
K02000001,United Kingdom,overview,2022-01-18,2015,94432,438,
K02000001,United Kingdom,overview,2022-01-17,2026,84429,85,
K02000001,United Kingdom,overview,2022-01-16,1942,75041,91,
K02000001,United Kingdom,overview,2022-01-15,1788,81713,287,
K02000001,United Kingdom,overview,2022-01-14,1941,99652,270,
K02000001,United Kingdom,overview,2022-01-13,2167,109133,335,
K02000001,United Kingdom,overview,2022-01-12,2204,129587,398,
K02000001,United Kingdom,overview,2022-01-11,2419,120821,379,
K02000001,United Kingdom,overview,2022-01-10,2460,142224,77,
K02000001,United Kingdom,overview,2022-01-09,2217,141472,97,
K02000001,United Kingdom,overview,2022-01-08,2099,146390,313,
K02000001,United Kingdom,overview,2022-01-07,2047,178250,229,
K02000001,United Kingdom,overview,2022-01-06,2344,179756,231,
K02000001,United Kingdom,overview,2022-01-05,2407,194747,334,
K02000001,United Kingdom,overview,2022-01-04,2401,218724,49,
K02000001,United Kingdom,overview,2022-01-03,2479,157758,42,
K02000001,United Kingdom,overview,2022-01-02,2118,151663,73,
K02000001,United Kingdom,overview,2022-01-01,2076,179637,162,
K02000001,United Kingdom,overview,2021-12-31,2108,189846,203,
K02000001,United Kingdom,overview,2021-12-30,2404,189213,332,
K02000001,United Kingdom,overview,2021-12-29,2637,183037,57,
K02000001,United Kingdom,overview,2021-12-28,2315,138831,19,
K02000001,United Kingdom,overview,2021-12-27,1974,109077,143,
K02000001,United Kingdom,overview,2021-12-26,1548,119923,3,
K02000001,United Kingdom,overview,2021-12-25,1420,121880,10,
K02000001,United Kingdom,overview,2021-12-24,1205,122186,137,
K02000001,United Kingdom,overview,2021-12-23,1405,119789,147,
K02000001,United Kingdom,overview,2021-12-22,1417,109655,140,
K02000001,United Kingdom,overview,2021-12-21,1264,90629,172,
K02000001,United Kingdom,overview,2021-12-20,1224,91743,44,
K02000001,United Kingdom,overview,2021-12-19,1018,82886,45,
K02000001,United Kingdom,overview,2021-12-18,840,90418,125,
K02000001,United Kingdom,overview,2021-12-17,880,93045,111,
K02000001,United Kingdom,overview,2021-12-16,924,88376,146,
K02000001,United Kingdom,overview,2021-12-15,954,78610,165,
K02000001,United Kingdom,overview,2021-12-14,956,59610,150,
K02000001,United Kingdom,overview,2021-12-13,929,54661,38,
K02000001,United Kingdom,overview,2021-12-12,868,48854,52,
K02000001,United Kingdom,overview,2021-12-11,793,54073,132,
K02000001,United Kingdom,overview,2021-12-10,831,58194,120,
K02000001,United Kingdom,overview,2021-12-09,953,50867,148,
K02000001,United Kingdom,overview,2021-12-08,888,51342,161,
K02000001,United Kingdom,overview,2021-12-07,946,45691,180,
K02000001,United Kingdom,overview,2021-12-06,871,51459,41,
K02000001,United Kingdom,overview,2021-12-05,845,43992,54,
K02000001,United Kingdom,overview,2021-12-04,751,42848,127,
K02000001,United Kingdom,overview,2021-12-03,736,50584,143,
K02000001,United Kingdom,overview,2021-12-02,840,53945,141,
K02000001,United Kingdom,overview,2021-12-01,828,48374,171,
K02000001,United Kingdom,overview,2021-11-30,842,39716,159,
K02000001,United Kingdom,overview,2021-11-29,808,42583,35,
K02000001,United Kingdom,overview,2021-11-28,715,37681,51,
K02000001,United Kingdom,overview,2021-11-27,717,39567,131,
K02000001,United Kingdom,overview,2021-11-26,734,50091,160,
K02000001,United Kingdom,overview,2021-11-25,776,47240,147,
K02000001,United Kingdom,overview,2021-11-24,909,43676,149,
K02000001,United Kingdom,overview,2021-11-23,786,42484,165,
K02000001,United Kingdom,overview,2021-11-22,743,44917,45,
K02000001,United Kingdom,overview,2021-11-21,757,40004,61,
K02000001,United Kingdom,overview,2021-11-20,736,40941,150,
K02000001,United Kingdom,overview,2021-11-19,775,44242,157,
K02000001,United Kingdom,overview,2021-11-18,842,46807,199,
K02000001,United Kingdom,overview,2021-11-17,867,38263,201,
K02000001,United Kingdom,overview,2021-11-16,905,37243,214,
K02000001,United Kingdom,overview,2021-11-15,839,39705,47,
K02000001,United Kingdom,overview,2021-11-14,807,36517,63,
K02000001,United Kingdom,overview,2021-11-13,778,38351,157,
K02000001,United Kingdom,overview,2021-11-12,892,40375,145,
K02000001,United Kingdom,overview,2021-11-11,965,42408,195,
K02000001,United Kingdom,overview,2021-11-10,989,39329,214,
K02000001,United Kingdom,overview,2021-11-09,996,33117,262,
K02000001,United Kingdom,overview,2021-11-08,1015,32322,57,
K02000001,United Kingdom,overview,2021-11-07,888,30305,62,
K02000001,United Kingdom,overview,2021-11-06,831,30693,155,
K02000001,United Kingdom,overview,2021-11-05,861,34029,193,
K02000001,United Kingdom,overview,2021-11-04,888,37269,214,
K02000001,United Kingdom,overview,2021-11-03,985,41299,217,
K02000001,United Kingdom,overview,2021-11-02,1084,33865,293,
K02000001,United Kingdom,overview,2021-11-01,1099,40077,40,
K02000001,United Kingdom,overview,2021-10-31,1009,38009,74,
K02000001,United Kingdom,overview,2021-10-30,904,41278,166,
K02000001,United Kingdom,overview,2021-10-29,1032,43467,186,
K02000001,United Kingdom,overview,2021-10-28,1087,39842,165,
K02000001,United Kingdom,overview,2021-10-27,1165,43941,207,
K02000001,United Kingdom,overview,2021-10-26,1124,40954,263,
K02000001,United Kingdom,overview,2021-10-25,1068,36567,38,
K02000001,United Kingdom,overview,2021-10-24,972,39962,72,
K02000001,United Kingdom,overview,2021-10-23,916,44985,135,
K02000001,United Kingdom,overview,2021-10-22,949,49298,180,
K02000001,United Kingdom,overview,2021-10-21,988,52009,115,
K02000001,United Kingdom,overview,2021-10-20,1113,49139,179,
K02000001,United Kingdom,overview,2021-10-19,1114,43738,223,
K02000001,United Kingdom,overview,2021-10-18,1089,49156,45,
K02000001,United Kingdom,overview,2021-10-17,974,45140,57,
K02000001,United Kingdom,overview,2021-10-16,886,43423,148,
K02000001,United Kingdom,overview,2021-10-15,958,44932,145,
K02000001,United Kingdom,overview,2021-10-14,914,45066,157,
K02000001,United Kingdom,overview,2021-10-13,932,42776,136,
K02000001,United Kingdom,overview,2021-10-12,946,38520,181,
K02000001,United Kingdom,overview,2021-10-11,850,40224,28,
K02000001,United Kingdom,overview,2021-10-10,735,34574,38,
K02000001,United Kingdom,overview,2021-10-09,768,34950,133,
K02000001,United Kingdom,overview,2021-10-08,791,41765,150,
K02000001,United Kingdom,overview,2021-10-07,828,40701,122,
K02000001,United Kingdom,overview,2021-10-06,782,39851,143,
K02000001,United Kingdom,overview,2021-10-05,840,33869,166,
K02000001,United Kingdom,overview,2021-10-04,814,35077,33,
K02000001,United Kingdom,overview,2021-10-03,723,30439,43,
K02000001,United Kingdom,overview,2021-10-02,698,30301,121,
K02000001,United Kingdom,overview,2021-10-01,699,35577,127,
K02000001,United Kingdom,overview,2021-09-30,705,36480,137,
K02000001,United Kingdom,overview,2021-09-29,810,36722,150,
K02000001,United Kingdom,overview,2021-09-28,783,34526,167,33532
K02000001,United Kingdom,overview,2021-09-27,782,37960,40,33177
K02000001,United Kingdom,overview,2021-09-26,672,32417,58,25539
K02000001,United Kingdom,overview,2021-09-25,678,32468,127,47118
K02000001,United Kingdom,overview,2021-09-24,731,35623,180,44759
K02000001,United Kingdom,overview,2021-09-23,783,36710,182,44588
K02000001,United Kingdom,overview,2021-09-22,755,34460,166,44047
K02000001,United Kingdom,overview,2021-09-21,808,31564,203,43406
K02000001,United Kingdom,overview,2021-09-20,813,36100,49,46342
K02000001,United Kingdom,overview,2021-09-19,731,29612,56,35157
K02000001,United Kingdom,overview,2021-09-18,759,30144,164,72497
K02000001,United Kingdom,overview,2021-09-17,754,32651,178,60384
K02000001,United Kingdom,overview,2021-09-16,894,26911,158,63973
K02000001,United Kingdom,overview,2021-09-15,951,30597,201,63290
K02000001,United Kingdom,overview,2021-09-14,952,26628,185,66725
K02000001,United Kingdom,overview,2021-09-13,943,30825,61,60653
K02000001,United Kingdom,overview,2021-09-12,868,29173,56,52615
K02000001,United Kingdom,overview,2021-09-11,851,29547,156,98059
K02000001,United Kingdom,overview,2021-09-10,926,37622,147,91811
K02000001,United Kingdom,overview,2021-09-09,1037,38013,167,96702
K02000001,United Kingdom,overview,2021-09-08,1167,38975,191,87960
K02000001,United Kingdom,overview,2021-09-07,1104,37489,209,85848
K02000001,United Kingdom,overview,2021-09-06,1077,41192,45,80015
K02000001,United Kingdom,overview,2021-09-05,879,37011,68,73193
K02000001,United Kingdom,overview,2021-09-04,952,37578,120,128553
K02000001,United Kingdom,overview,2021-09-03,928,42076,121,110590
K02000001,United Kingdom,overview,2021-09-02,999,38154,178,119375
K02000001,United Kingdom,overview,2021-09-01,1084,35693,207,113385
K02000001,United Kingdom,overview,2021-08-31,1003,32181,50,119402
K02000001,United Kingdom,overview,2021-08-30,997,26476,48,66648
K02000001,United Kingdom,overview,2021-08-29,857,33196,61,79440
K02000001,United Kingdom,overview,2021-08-28,864,32406,133,133688
K02000001,United Kingdom,overview,2021-08-27,945,38046,100,131456
K02000001,United Kingdom,overview,2021-08-26,957,38281,140,144936
K02000001,United Kingdom,overview,2021-08-25,1036,35847,149,161705
K02000001,United Kingdom,overview,2021-08-24,1000,30838,174,130676
K02000001,United Kingdom,overview,2021-08-23,966,31914,40,131283
K02000001,United Kingdom,overview,2021-08-22,834,32253,49,116352
K02000001,United Kingdom,overview,2021-08-21,877,32058,104,194881
K02000001,United Kingdom,overview,2021-08-20,872,37314,114,167392
K02000001,United Kingdom,overview,2021-08-19,950,36572,113,175059
K02000001,United Kingdom,overview,2021-08-18,913,33904,111,169223
K02000001,United Kingdom,overview,2021-08-17,968,26852,170,145875
K02000001,United Kingdom,overview,2021-08-16,870,28438,26,138390
K02000001,United Kingdom,overview,2021-08-15,807,26750,61,126383
K02000001,United Kingdom,overview,2021-08-14,788,29520,93,199584
K02000001,United Kingdom,overview,2021-08-13,790,32700,100,171585
K02000001,United Kingdom,overview,2021-08-12,861,33074,94,192559
K02000001,United Kingdom,overview,2021-08-11,850,29612,104,173761
K02000001,United Kingdom,overview,2021-08-10,894,23510,146,151143
K02000001,United Kingdom,overview,2021-08-09,760,25161,37,137028
K02000001,United Kingdom,overview,2021-08-08,742,27429,39,122070
K02000001,United Kingdom,overview,2021-08-07,729,28612,103,213583
K02000001,United Kingdom,overview,2021-08-06,782,31808,92,168356
K02000001,United Kingdom,overview,2021-08-05,812,30215,86,172692
K02000001,United Kingdom,overview,2021-08-04,836,29312,119,165669
K02000001,United Kingdom,overview,2021-08-03,763,21691,138,142761
K02000001,United Kingdom,overview,2021-08-02,788,21952,24,126192
K02000001,United Kingdom,overview,2021-08-01,739,24470,65,118044
K02000001,United Kingdom,overview,2021-07-31,676,26144,71,212014
K02000001,United Kingdom,overview,2021-07-30,746,29622,68,171096
K02000001,United Kingdom,overview,2021-07-29,840,31117,85,179918
K02000001,United Kingdom,overview,2021-07-28,852,27734,91,171173
K02000001,United Kingdom,overview,2021-07-27,922,23511,131,151650
K02000001,United Kingdom,overview,2021-07-26,941,24950,14,148936
K02000001,United Kingdom,overview,2021-07-25,939,29173,28,117956
K02000001,United Kingdom,overview,2021-07-24,828,31795,86,203886
K02000001,United Kingdom,overview,2021-07-23,867,36389,64,189341
K02000001,United Kingdom,overview,2021-07-22,955,39906,84,188297
K02000001,United Kingdom,overview,2021-07-21,930,44104,73,183338
K02000001,United Kingdom,overview,2021-07-20,938,46558,96,161279
K02000001,United Kingdom,overview,2021-07-19,877,39950,19,143560
K02000001,United Kingdom,overview,2021-07-18,799,48161,25,128878
K02000001,United Kingdom,overview,2021-07-17,710,54674,41,225214
K02000001,United Kingdom,overview,2021-07-16,700,51870,49,202314
K02000001,United Kingdom,overview,2021-07-15,775,48553,63,201893
K02000001,United Kingdom,overview,2021-07-14,755,42302,49,185661
K02000001,United Kingdom,overview,2021-07-13,750,36660,50,158276
K02000001,United Kingdom,overview,2021-07-12,732,34471,6,125360
K02000001,United Kingdom,overview,2021-07-11,594,31772,26,107620
K02000001,United Kingdom,overview,2021-07-10,552,32367,34,211446
K02000001,United Kingdom,overview,2021-07-09,559,35707,29,178819
K02000001,United Kingdom,overview,2021-07-08,608,32551,35,175467
K02000001,United Kingdom,overview,2021-07-07,571,32548,33,171477
K02000001,United Kingdom,overview,2021-07-06,577,28773,37,153126
K02000001,United Kingdom,overview,2021-07-05,521,27334,9,147814
K02000001,United Kingdom,overview,2021-07-04,470,24248,15,111410
K02000001,United Kingdom,overview,2021-07-03,396,24885,18,196209
K02000001,United Kingdom,overview,2021-07-02,392,27125,27,177478
K02000001,United Kingdom,overview,2021-07-01,373,27989,22,193066
K02000001,United Kingdom,overview,2021-06-30,417,26068,14,175749
K02000001,United Kingdom,overview,2021-06-29,368,20479,23,150688
K02000001,United Kingdom,overview,2021-06-28,310,22868,3,138016
K02000001,United Kingdom,overview,2021-06-27,267,14876,11,123555
K02000001,United Kingdom,overview,2021-06-26,268,18270,23,199505
K02000001,United Kingdom,overview,2021-06-25,258,15810,18,174770
K02000001,United Kingdom,overview,2021-06-24,255,16703,21,177813
K02000001,United Kingdom,overview,2021-06-23,275,16135,19,167988
K02000001,United Kingdom,overview,2021-06-22,242,11625,27,250875
K02000001,United Kingdom,overview,2021-06-21,233,10633,5,39325
K02000001,United Kingdom,overview,2021-06-20,207,9284,6,109408
K02000001,United Kingdom,overview,2021-06-19,211,10321,14,236363
K02000001,United Kingdom,overview,2021-06-18,239,10476,11,205677
K02000001,United Kingdom,overview,2021-06-17,245,11007,19,223260
K02000001,United Kingdom,overview,2021-06-16,230,9055,9,234834
K02000001,United Kingdom,overview,2021-06-15,231,7673,10,230666
K02000001,United Kingdom,overview,2021-06-14,227,7742,3,235928
K02000001,United Kingdom,overview,2021-06-13,223,7490,8,181121
K02000001,United Kingdom,overview,2021-06-12,178,7738,12,320326
K02000001,United Kingdom,overview,2021-06-11,180,8125,17,307192
K02000001,United Kingdom,overview,2021-06-10,201,7393,7,308038
K02000001,United Kingdom,overview,2021-06-09,191,7540,6,316258
K02000001,United Kingdom,overview,2021-06-08,189,6048,13,313482
K02000001,United Kingdom,overview,2021-06-07,177,5683,1,306068
K02000001,United Kingdom,overview,2021-06-06,156,5341,4,259941
K02000001,United Kingdom,overview,2021-06-05,128,5765,13,473378
K02000001,United Kingdom,overview,2021-06-04,126,6238,11,388031
K02000001,United Kingdom,overview,2021-06-03,128,5274,18,377641
K02000001,United Kingdom,overview,2021-06-02,131,4330,12,349019
K02000001,United Kingdom,overview,2021-06-01,157,3165,0,338565
K02000001,United Kingdom,overview,2021-05-31,124,3383,1,195546
K02000001,United Kingdom,overview,2021-05-30,112,3240,6,206322
K02000001,United Kingdom,overview,2021-05-29,105,3398,7,418848
K02000001,United Kingdom,overview,2021-05-28,139,4182,10,435951
K02000001,United Kingdom,overview,2021-05-27,127,3542,10,434096
K02000001,United Kingdom,overview,2021-05-26,132,3180,9,427458
K02000001,United Kingdom,overview,2021-05-25,133,2493,15,387987
K02000001,United Kingdom,overview,2021-05-24,139,2439,3,332955
K02000001,United Kingdom,overview,2021-05-23,116,2235,5,252139
K02000001,United Kingdom,overview,2021-05-22,119,2694,6,556951
K02000001,United Kingdom,overview,2021-05-21,125,2829,9,426683
K02000001,United Kingdom,overview,2021-05-20,132,2874,7,420312
K02000001,United Kingdom,overview,2021-05-19,128,2696,3,369018
K02000001,United Kingdom,overview,2021-05-18,128,2412,7,324001
K02000001,United Kingdom,overview,2021-05-17,102,1979,5,259049
K02000001,United Kingdom,overview,2021-05-16,81,1926,4,183745
K02000001,United Kingdom,overview,2021-05-15,91,2027,7,391246
K02000001,United Kingdom,overview,2021-05-14,97,2193,17,393402
K02000001,United Kingdom,overview,2021-05-13,103,2657,11,428041
K02000001,United Kingdom,overview,2021-05-12,122,2284,11,452437
K02000001,United Kingdom,overview,2021-05-11,109,2474,20,350147
K02000001,United Kingdom,overview,2021-05-10,105,2357,4,231835
K02000001,United Kingdom,overview,2021-05-09,103,1770,2,187171
K02000001,United Kingdom,overview,2021-05-08,111,2047,5,438837
K02000001,United Kingdom,overview,2021-05-07,104,2490,15,465822
K02000001,United Kingdom,overview,2021-05-06,120,2613,13,473001
K02000001,United Kingdom,overview,2021-05-05,120,2144,27,404226
K02000001,United Kingdom,overview,2021-05-04,103,1946,4,257486
K02000001,United Kingdom,overview,2021-05-03,123,1649,1,127499
K02000001,United Kingdom,overview,2021-05-02,120,1671,14,172891
K02000001,United Kingdom,overview,2021-05-01,102,1907,7,372304
K02000001,United Kingdom,overview,2021-04-30,114,2381,15,421785
K02000001,United Kingdom,overview,2021-04-29,103,2445,22,491567
K02000001,United Kingdom,overview,2021-04-28,112,2166,29,462885
K02000001,United Kingdom,overview,2021-04-27,169,2685,17,379265
K02000001,United Kingdom,overview,2021-04-26,135,2064,6,304688
K02000001,United Kingdom,overview,2021-04-25,138,1712,11,260801
K02000001,United Kingdom,overview,2021-04-24,130,2061,32,547636
K02000001,United Kingdom,overview,2021-04-23,157,2678,40,465015
K02000001,United Kingdom,overview,2021-04-22,122,2729,18,431070
K02000001,United Kingdom,overview,2021-04-21,173,2396,22,416784
K02000001,United Kingdom,overview,2021-04-20,134,2524,33,350027
K02000001,United Kingdom,overview,2021-04-19,179,2963,4,273751
K02000001,United Kingdom,overview,2021-04-18,141,1882,10,221193
K02000001,United Kingdom,overview,2021-04-17,159,2206,35,499635
K02000001,United Kingdom,overview,2021-04-16,160,2596,34,499664
K02000001,United Kingdom,overview,2021-04-15,161,2672,30,417683
K02000001,United Kingdom,overview,2021-04-14,196,2491,38,343783
K02000001,United Kingdom,overview,2021-04-13,182,2472,23,312685
K02000001,United Kingdom,overview,2021-04-12,205,3568,13,201191
K02000001,United Kingdom,overview,2021-04-11,205,1730,7,189665
K02000001,United Kingdom,overview,2021-04-10,186,2589,40,475230
K02000001,United Kingdom,overview,2021-04-09,206,3150,60,450136
K02000001,United Kingdom,overview,2021-04-08,207,3030,53,449269
K02000001,United Kingdom,overview,2021-04-07,235,2763,45,408396
K02000001,United Kingdom,overview,2021-04-06,223,2379,20,186793
K02000001,United Kingdom,overview,2021-04-05,238,2762,26,64590
K02000001,United Kingdom,overview,2021-04-04,197,2297,10,47708
K02000001,United Kingdom,overview,2021-04-03,222,3423,10,178913
K02000001,United Kingdom,overview,2021-04-02,237,3402,52,246631
K02000001,United Kingdom,overview,2021-04-01,234,4479,51,445416
K02000001,United Kingdom,overview,2021-03-31,270,4052,43,387574
K02000001,United Kingdom,overview,2021-03-30,257,4040,56,277682
K02000001,United Kingdom,overview,2021-03-29,251,4654,23,168230
K02000001,United Kingdom,overview,2021-03-28,273,3862,19,147594
K02000001,United Kingdom,overview,2021-03-27,273,4715,58,238861
K02000001,United Kingdom,overview,2021-03-26,298,6187,70,283654
K02000001,United Kingdom,overview,2021-03-25,341,6397,63,234382
K02000001,United Kingdom,overview,2021-03-24,350,5605,98,242642
K02000001,United Kingdom,overview,2021-03-23,368,5379,112,169155
K02000001,United Kingdom,overview,2021-03-22,361,5342,17,82300
K02000001,United Kingdom,overview,2021-03-21,358,5312,33,52612
K02000001,United Kingdom,overview,2021-03-20,364,5587,96,91977
K02000001,United Kingdom,overview,2021-03-19,380,4802,101,125725
K02000001,United Kingdom,overview,2021-03-18,451,6303,95,132016
K02000001,United Kingdom,overview,2021-03-17,445,5758,141,119609
K02000001,United Kingdom,overview,2021-03-16,441,5294,110,95799
K02000001,United Kingdom,overview,2021-03-15,503,5089,64,53366
K02000001,United Kingdom,overview,2021-03-14,428,4618,52,25371
K02000001,United Kingdom,overview,2021-03-13,463,5534,121,52155
K02000001,United Kingdom,overview,2021-03-12,480,6609,175,87676
K02000001,United Kingdom,overview,2021-03-11,551,6753,181,93563
K02000001,United Kingdom,overview,2021-03-10,567,5926,190,97162
K02000001,United Kingdom,overview,2021-03-09,579,5766,231,72922
K02000001,United Kingdom,overview,2021-03-08,576,4712,65,38788
K02000001,United Kingdom,overview,2021-03-07,535,5177,82,20241
K02000001,United Kingdom,overview,2021-03-06,636,6040,158,31562
K02000001,United Kingdom,overview,2021-03-05,599,5947,236,56772
K02000001,United Kingdom,overview,2021-03-04,706,6573,242,70206
K02000001,United Kingdom,overview,2021-03-03,713,6385,315,68450
K02000001,United Kingdom,overview,2021-03-02,835,6391,343,51314
K02000001,United Kingdom,overview,2021-03-01,825,5455,104,28282
K02000001,United Kingdom,overview,2021-02-28,771,6035,144,19684
K02000001,United Kingdom,overview,2021-02-27,742,7434,290,27322
K02000001,United Kingdom,overview,2021-02-26,864,8523,345,32773
K02000001,United Kingdom,overview,2021-02-25,971,9985,323,35319
K02000001,United Kingdom,overview,2021-02-24,1022,9938,442,31613
K02000001,United Kingdom,overview,2021-02-23,1120,8489,548,26317
K02000001,United Kingdom,overview,2021-02-22,1120,10641,178,18463
K02000001,United Kingdom,overview,2021-02-21,1157,9834,215,9177
K02000001,United Kingdom,overview,2021-02-20,1091,10406,445,10263
K02000001,United Kingdom,overview,2021-02-19,1272,12027,533,15294
K02000001,United Kingdom,overview,2021-02-18,1339,12057,454,15867
K02000001,United Kingdom,overview,2021-02-17,1411,12718,738,15147
K02000001,United Kingdom,overview,2021-02-16,1495,10625,799,12412
K02000001,United Kingdom,overview,2021-02-15,1503,9765,230,6535
K02000001,United Kingdom,overview,2021-02-14,1538,10972,258,1915
K02000001,United Kingdom,overview,2021-02-13,1428,13308,621,2846
K02000001,United Kingdom,overview,2021-02-12,1511,15144,758,4775
K02000001,United Kingdom,overview,2021-02-11,1680,13494,678,5647
K02000001,United Kingdom,overview,2021-02-10,1726,13013,1001,4894
K02000001,United Kingdom,overview,2021-02-09,1754,12364,1052,3161
K02000001,United Kingdom,overview,2021-02-08,1921,14104,333,3811
K02000001,United Kingdom,overview,2021-02-07,1852,15845,373,862
K02000001,United Kingdom,overview,2021-02-06,1893,18262,828,1662
K02000001,United Kingdom,overview,2021-02-05,2005,19114,1014,4064
K02000001,United Kingdom,overview,2021-02-04,2142,20634,915,4036
K02000001,United Kingdom,overview,2021-02-03,2362,19202,1322,2995
K02000001,United Kingdom,overview,2021-02-02,2481,16840,1449,2166
K02000001,United Kingdom,overview,2021-02-01,2605,18607,406,2587
K02000001,United Kingdom,overview,2021-01-31,2408,21088,587,3156
K02000001,United Kingdom,overview,2021-01-30,2469,23275,1200,10621
K02000001,United Kingdom,overview,2021-01-29,2687,29079,1245,2178
K02000001,United Kingdom,overview,2021-01-28,3044,28680,1239,1769
K02000001,United Kingdom,overview,2021-01-27,3059,25308,1725,2329
K02000001,United Kingdom,overview,2021-01-26,3150,20089,1631,1710
K02000001,United Kingdom,overview,2021-01-25,2932,22195,592,1968
K02000001,United Kingdom,overview,2021-01-24,3113,30004,610,818
K02000001,United Kingdom,overview,2021-01-23,3118,33552,1348,1043
K02000001,United Kingdom,overview,2021-01-22,3395,40261,1401,1821
K02000001,United Kingdom,overview,2021-01-21,3637,37892,1290,2760
K02000001,United Kingdom,overview,2021-01-20,4051,38905,1820,3411
K02000001,United Kingdom,overview,2021-01-19,4161,33355,1610,3759
K02000001,United Kingdom,overview,2021-01-18,4062,37535,599,4565
K02000001,United Kingdom,overview,2021-01-17,3751,38598,671,2239
K02000001,United Kingdom,overview,2021-01-16,3944,41346,1295,2620
K02000001,United Kingdom,overview,2021-01-15,3684,55761,1280,4208
K02000001,United Kingdom,overview,2021-01-14,4100,48682,1248,5257
K02000001,United Kingdom,overview,2021-01-13,4225,47525,1564,9745
K02000001,United Kingdom,overview,2021-01-12,4580,45533,1243,16065
K02000001,United Kingdom,overview,2021-01-11,4309,46169,529,20768
K02000001,United Kingdom,overview,2021-01-10,3941,54940,563,
K02000001,United Kingdom,overview,2021-01-09,4127,59937,1035,
K02000001,United Kingdom,overview,2021-01-08,4002,68053,1325,
K02000001,United Kingdom,overview,2021-01-07,4294,52618,1162,
K02000001,United Kingdom,overview,2021-01-06,4396,62322,1041,
K02000001,United Kingdom,overview,2021-01-05,4115,60916,830,
K02000001,United Kingdom,overview,2021-01-04,3937,58784,407,
K02000001,United Kingdom,overview,2021-01-03,3650,54990,455,
K02000001,United Kingdom,overview,2021-01-02,3440,57725,445,
K02000001,United Kingdom,overview,2021-01-01,3364,53285,656,
K02000001,United Kingdom,overview,2020-12-31,2924,55892,964,
K02000001,United Kingdom,overview,2020-12-30,3289,50023,981,
K02000001,United Kingdom,overview,2020-12-29,3250,53135,414,
K02000001,United Kingdom,overview,2020-12-28,3131,41385,357,
K02000001,United Kingdom,overview,2020-12-27,2871,30501,317,
K02000001,United Kingdom,overview,2020-12-26,2531,35691,230,
K02000001,United Kingdom,overview,2020-12-25,2184,32725,613,
K02000001,United Kingdom,overview,2020-12-24,2085,39877,585,
K02000001,United Kingdom,overview,2020-12-23,2278,39237,744,
K02000001,United Kingdom,overview,2020-12-22,2481,36804,691,
K02000001,United Kingdom,overview,2020-12-21,2370,33364,215,
K02000001,United Kingdom,overview,2020-12-20,2169,35928,326,
K02000001,United Kingdom,overview,2020-12-19,2044,27052,534,
K02000001,United Kingdom,overview,2020-12-18,1923,28507,489,
K02000001,United Kingdom,overview,2020-12-17,2143,35383,532,
K02000001,United Kingdom,overview,2020-12-16,2078,25161,613,
K02000001,United Kingdom,overview,2020-12-15,1959,18450,506,
K02000001,United Kingdom,overview,2020-12-14,1954,20263,232,
K02000001,United Kingdom,overview,2020-12-13,1756,18447,144,
K02000001,United Kingdom,overview,2020-12-12,1798,21502,519,
K02000001,United Kingdom,overview,2020-12-11,1690,21672,424,
K02000001,United Kingdom,overview,2020-12-10,1752,20964,516,
K02000001,United Kingdom,overview,2020-12-09,1756,16578,533,
K02000001,United Kingdom,overview,2020-12-08,1782,12282,616,
K02000001,United Kingdom,overview,2020-12-07,1661,14718,189,
K02000001,United Kingdom,overview,2020-12-06,1471,17272,231,
K02000001,United Kingdom,overview,2020-12-05,1379,15539,397,
K02000001,United Kingdom,overview,2020-12-04,1431,16298,504,
K02000001,United Kingdom,overview,2020-12-03,1500,14879,414,
K02000001,United Kingdom,overview,2020-12-02,1487,16170,648,
K02000001,United Kingdom,overview,2020-12-01,1491,13430,603,
K02000001,United Kingdom,overview,2020-11-30,1406,12330,205,
K02000001,United Kingdom,overview,2020-11-29,1390,12155,215,
K02000001,United Kingdom,overview,2020-11-28,1221,15871,479,
K02000001,United Kingdom,overview,2020-11-27,1280,16022,521,
K02000001,United Kingdom,overview,2020-11-26,1423,17555,498,
K02000001,United Kingdom,overview,2020-11-25,1613,18213,696,
K02000001,United Kingdom,overview,2020-11-24,1499,11299,608,
K02000001,United Kingdom,overview,2020-11-23,1590,15450,206,
K02000001,United Kingdom,overview,2020-11-22,1492,18662,398,
K02000001,United Kingdom,overview,2020-11-21,1462,19875,341,
K02000001,United Kingdom,overview,2020-11-20,1550,20252,511,
K02000001,United Kingdom,overview,2020-11-19,1687,22915,501,
K02000001,United Kingdom,overview,2020-11-18,1785,19609,529,
K02000001,United Kingdom,overview,2020-11-17,1719,20051,598,
K02000001,United Kingdom,overview,2020-11-16,1771,21363,213,
K02000001,United Kingdom,overview,2020-11-15,1673,24962,168,
K02000001,United Kingdom,overview,2020-11-14,1616,26860,462,
K02000001,United Kingdom,overview,2020-11-13,1652,27301,376,
K02000001,United Kingdom,overview,2020-11-12,1918,33470,563,
K02000001,United Kingdom,overview,2020-11-11,1973,22950,595,
K02000001,United Kingdom,overview,2020-11-10,1855,20412,532,
K02000001,United Kingdom,overview,2020-11-09,1766,21350,194,
K02000001,United Kingdom,overview,2020-11-08,1692,20572,156,
K02000001,United Kingdom,overview,2020-11-07,1559,24957,413,
K02000001,United Kingdom,overview,2020-11-06,1416,23287,355,
K02000001,United Kingdom,overview,2020-11-05,1591,24141,378,
K02000001,United Kingdom,overview,2020-11-04,1687,25177,492,
K02000001,United Kingdom,overview,2020-11-03,1523,20018,397,
K02000001,United Kingdom,overview,2020-11-02,1574,18950,136,
K02000001,United Kingdom,overview,2020-11-01,1497,23254,162,
K02000001,United Kingdom,overview,2020-10-31,1460,21915,326,
K02000001,United Kingdom,overview,2020-10-30,1384,24405,274,
K02000001,United Kingdom,overview,2020-10-29,1590,23065,280,
K02000001,United Kingdom,overview,2020-10-28,1494,24701,310,
K02000001,United Kingdom,overview,2020-10-27,1498,22885,367,
K02000001,United Kingdom,overview,2020-10-26,1541,20890,102,
K02000001,United Kingdom,overview,2020-10-25,1425,19790,151,
K02000001,United Kingdom,overview,2020-10-24,1262,23012,174,
K02000001,United Kingdom,overview,2020-10-23,1299,20530,224,
K02000001,United Kingdom,overview,2020-10-22,1283,21242,189,
K02000001,United Kingdom,overview,2020-10-21,1265,26688,191,
K02000001,United Kingdom,overview,2020-10-20,1191,21331,241,
K02000001,United Kingdom,overview,2020-10-19,1106,18804,80,
K02000001,United Kingdom,overview,2020-10-18,1091,16982,67,
K02000001,United Kingdom,overview,2020-10-17,1031,16171,150,
K02000001,United Kingdom,overview,2020-10-16,925,15650,136,
K02000001,United Kingdom,overview,2020-10-15,1044,18980,138,
K02000001,United Kingdom,overview,2020-10-14,983,19724,137,
K02000001,United Kingdom,overview,2020-10-13,1029,17234,143,
K02000001,United Kingdom,overview,2020-10-12,888,13972,50,
K02000001,United Kingdom,overview,2020-10-11,825,12872,65,
K02000001,United Kingdom,overview,2020-10-10,723,15166,81,
K02000001,United Kingdom,overview,2020-10-09,708,13864,87,
K02000001,United Kingdom,overview,2020-10-08,715,17540,77,
K02000001,United Kingdom,overview,2020-10-07,692,14162,70,
K02000001,United Kingdom,overview,2020-10-06,725,14542,76,
K02000001,United Kingdom,overview,2020-10-05,631,12594,19,
K02000001,United Kingdom,overview,2020-10-04,633,22961,33,
K02000001,United Kingdom,overview,2020-10-03,536,12872,49,
K02000001,United Kingdom,overview,2020-10-02,531,6968,66,
K02000001,United Kingdom,overview,2020-10-01,528,6914,59,
K02000001,United Kingdom,overview,2020-09-30,451,7108,71,
K02000001,United Kingdom,overview,2020-09-29,440,7143,71,
K02000001,United Kingdom,overview,2020-09-28,444,4044,13,
K02000001,United Kingdom,overview,2020-09-27,342,5693,17,
K02000001,United Kingdom,overview,2020-09-26,351,6042,34,
K02000001,United Kingdom,overview,2020-09-25,382,6874,35,
K02000001,United Kingdom,overview,2020-09-24,423,6634,40,
K02000001,United Kingdom,overview,2020-09-23,422,6178,37,
K02000001,United Kingdom,overview,2020-09-22,350,4926,37,
K02000001,United Kingdom,overview,2020-09-21,371,4368,11,
K02000001,United Kingdom,overview,2020-09-20,288,3899,18,
K02000001,United Kingdom,overview,2020-09-19,261,4422,27,
K02000001,United Kingdom,overview,2020-09-18,262,4322,27,
K02000001,United Kingdom,overview,2020-09-17,264,3395,21,
K02000001,United Kingdom,overview,2020-09-16,281,3991,20,
K02000001,United Kingdom,overview,2020-09-15,268,3105,27,
K02000001,United Kingdom,overview,2020-09-14,257,2621,9,
K02000001,United Kingdom,overview,2020-09-13,227,3330,5,
K02000001,United Kingdom,overview,2020-09-12,217,3497,9,
K02000001,United Kingdom,overview,2020-09-11,230,3539,6,
K02000001,United Kingdom,overview,2020-09-10,217,2919,14,
K02000001,United Kingdom,overview,2020-09-09,203,2659,8,
K02000001,United Kingdom,overview,2020-09-08,184,2460,32,
K02000001,United Kingdom,overview,2020-09-07,145,2948,3,
K02000001,United Kingdom,overview,2020-09-06,137,2988,2,
K02000001,United Kingdom,overview,2020-09-05,130,1813,12,
K02000001,United Kingdom,overview,2020-09-04,154,1940,10,
K02000001,United Kingdom,overview,2020-09-03,146,1735,13,
K02000001,United Kingdom,overview,2020-09-02,145,1508,10,
K02000001,United Kingdom,overview,2020-09-01,134,1295,3,
K02000001,United Kingdom,overview,2020-08-31,90,1406,2,
K02000001,United Kingdom,overview,2020-08-30,77,1715,1,
K02000001,United Kingdom,overview,2020-08-29,110,1108,12,
K02000001,United Kingdom,overview,2020-08-28,138,1276,9,
K02000001,United Kingdom,overview,2020-08-27,152,1522,12,
K02000001,United Kingdom,overview,2020-08-26,130,1048,16,
K02000001,United Kingdom,overview,2020-08-25,119,1184,16,
K02000001,United Kingdom,overview,2020-08-24,91,853,4,
K02000001,United Kingdom,overview,2020-08-23,74,1160,6,
K02000001,United Kingdom,overview,2020-08-22,73,1288,18,
K02000001,United Kingdom,overview,2020-08-21,109,1033,2,
K02000001,United Kingdom,overview,2020-08-20,98,1182,6,
K02000001,United Kingdom,overview,2020-08-19,113,812,16,
K02000001,United Kingdom,overview,2020-08-18,128,1089,12,
K02000001,United Kingdom,overview,2020-08-17,95,713,3,
K02000001,United Kingdom,overview,2020-08-16,80,1040,5,
K02000001,United Kingdom,overview,2020-08-15,99,1077,3,
K02000001,United Kingdom,overview,2020-08-14,100,1441,11,
K02000001,United Kingdom,overview,2020-08-13,129,1129,18,
K02000001,United Kingdom,overview,2020-08-12,101,1009,20,
K02000001,United Kingdom,overview,2020-08-11,114,1148,13,
K02000001,United Kingdom,overview,2020-08-10,86,740,18,
K02000001,United Kingdom,overview,2020-08-09,106,1062,5,
K02000001,United Kingdom,overview,2020-08-08,140,758,3,
K02000001,United Kingdom,overview,2020-08-07,117,871,12,
K02000001,United Kingdom,overview,2020-08-06,100,950,18,
K02000001,United Kingdom,overview,2020-08-05,138,892,14,
K02000001,United Kingdom,overview,2020-08-04,125,670,18,
K02000001,United Kingdom,overview,2020-08-03,109,898,1,
K02000001,United Kingdom,overview,2020-08-02,93,744,5,
K02000001,United Kingdom,overview,2020-08-01,128,761,13,
K02000001,United Kingdom,overview,2020-07-31,114,880,20,
K02000001,United Kingdom,overview,2020-07-30,132,846,0,
K02000001,United Kingdom,overview,2020-07-29,131,763,34,
K02000001,United Kingdom,overview,2020-07-28,119,581,21,
K02000001,United Kingdom,overview,2020-07-27,129,685,3,
K02000001,United Kingdom,overview,2020-07-26,109,745,8,
K02000001,United Kingdom,overview,2020-07-25,120,767,15,
K02000001,United Kingdom,overview,2020-07-24,159,768,32,
K02000001,United Kingdom,overview,2020-07-23,198,769,9,
K02000001,United Kingdom,overview,2020-07-22,158,560,17,
K02000001,United Kingdom,overview,2020-07-21,125,445,25,
K02000001,United Kingdom,overview,2020-07-20,130,557,10,
K02000001,United Kingdom,overview,2020-07-19,126,726,11,
K02000001,United Kingdom,overview,2020-07-18,105,827,9,
K02000001,United Kingdom,overview,2020-07-17,143,687,26,
K02000001,United Kingdom,overview,2020-07-16,166,642,24,
K02000001,United Kingdom,overview,2020-07-15,168,538,26,
K02000001,United Kingdom,overview,2020-07-14,186,398,44,
K02000001,United Kingdom,overview,2020-07-13,189,530,10,
K02000001,United Kingdom,overview,2020-07-12,114,650,9,
K02000001,United Kingdom,overview,2020-07-11,177,820,17,
K02000001,United Kingdom,overview,2020-07-10,175,512,34,
K02000001,United Kingdom,overview,2020-07-09,214,642,31,
K02000001,United Kingdom,overview,2020-07-08,207,630,57,
K02000001,United Kingdom,overview,2020-07-07,215,581,54,
K02000001,United Kingdom,overview,2020-07-06,203,343,11,
K02000001,United Kingdom,overview,2020-07-05,195,516,19,
K02000001,United Kingdom,overview,2020-07-04,202,624,32,
K02000001,United Kingdom,overview,2020-07-03,214,544,50,
K02000001,United Kingdom,overview,2020-07-02,216,576,41,
K02000001,United Kingdom,overview,2020-07-01,270,829,97,
K02000001,United Kingdom,overview,2020-06-30,296,689,53,
K02000001,United Kingdom,overview,2020-06-29,219,815,21,
K02000001,United Kingdom,overview,2020-06-28,208,901,31,
K02000001,United Kingdom,overview,2020-06-27,286,890,40,
K02000001,United Kingdom,overview,2020-06-26,338,1006,79,
K02000001,United Kingdom,overview,2020-06-25,324,1118,99,
K02000001,United Kingdom,overview,2020-06-24,367,653,87,
K02000001,United Kingdom,overview,2020-06-23,362,874,94,
K02000001,United Kingdom,overview,2020-06-22,392,958,14,
K02000001,United Kingdom,overview,2020-06-21,288,1221,31,
K02000001,United Kingdom,overview,2020-06-20,258,1295,71,
K02000001,United Kingdom,overview,2020-06-19,336,1346,84,
K02000001,United Kingdom,overview,2020-06-18,402,1218,67,
K02000001,United Kingdom,overview,2020-06-17,431,1115,110,
K02000001,United Kingdom,overview,2020-06-16,455,1279,120,
K02000001,United Kingdom,overview,2020-06-15,439,1056,29,
K02000001,United Kingdom,overview,2020-06-14,364,1514,27,
K02000001,United Kingdom,overview,2020-06-13,385,1425,107,
K02000001,United Kingdom,overview,2020-06-12,393,1541,131,
K02000001,United Kingdom,overview,2020-06-11,446,1266,76,
K02000001,United Kingdom,overview,2020-06-10,511,1003,164,
K02000001,United Kingdom,overview,2020-06-09,491,1387,195,
K02000001,United Kingdom,overview,2020-06-08,412,1205,47,
K02000001,United Kingdom,overview,2020-06-07,406,1326,54,
K02000001,United Kingdom,overview,2020-06-06,407,1557,143,
K02000001,United Kingdom,overview,2020-06-05,475,1650,258,
K02000001,United Kingdom,overview,2020-06-04,564,1805,130,
K02000001,United Kingdom,overview,2020-06-03,632,1871,254,
K02000001,United Kingdom,overview,2020-06-02,668,1613,249,
K02000001,United Kingdom,overview,2020-06-01,605,1570,86,
K02000001,United Kingdom,overview,2020-05-31,528,1936,60,
K02000001,United Kingdom,overview,2020-05-30,568,2445,154,
K02000001,United Kingdom,overview,2020-05-29,614,2095,274,
K02000001,United Kingdom,overview,2020-05-28,702,1887,343,
K02000001,United Kingdom,overview,2020-05-27,712,2013,422,
K02000001,United Kingdom,overview,2020-05-26,698,2004,131,
K02000001,United Kingdom,overview,2020-05-25,602,1625,104,
K02000001,United Kingdom,overview,2020-05-24,587,2409,379,
K02000001,United Kingdom,overview,2020-05-23,643,2959,220,
K02000001,United Kingdom,overview,2020-05-22,740,3287,291,
K02000001,United Kingdom,overview,2020-05-21,841,2615,273,
K02000001,United Kingdom,overview,2020-05-20,850,2472,328,
K02000001,United Kingdom,overview,2020-05-19,880,2412,500,
K02000001,United Kingdom,overview,2020-05-18,848,2684,146,
K02000001,United Kingdom,overview,2020-05-17,792,3562,67,
K02000001,United Kingdom,overview,2020-05-16,813,3451,411,
K02000001,United Kingdom,overview,2020-05-15,868,3560,350,
K02000001,United Kingdom,overview,2020-05-14,908,3446,352,
K02000001,United Kingdom,overview,2020-05-13,966,3242,447,
K02000001,United Kingdom,overview,2020-05-12,983,3403,614,
K02000001,United Kingdom,overview,2020-05-11,1029,3877,187,
K02000001,United Kingdom,overview,2020-05-10,915,3923,217,
K02000001,United Kingdom,overview,2020-05-09,944,3896,275,
K02000001,United Kingdom,overview,2020-05-08,909,4649,579,
K02000001,United Kingdom,overview,2020-05-07,1166,5614,458,
K02000001,United Kingdom,overview,2020-05-06,1204,6111,647,
K02000001,United Kingdom,overview,2020-05-05,1146,4406,726,
K02000001,United Kingdom,overview,2020-05-04,1249,3985,272,
K02000001,United Kingdom,overview,2020-05-03,1188,4339,253,
K02000001,United Kingdom,overview,2020-05-02,1180,4806,584,
K02000001,United Kingdom,overview,2020-05-01,1262,6201,698,
K02000001,United Kingdom,overview,2020-04-30,1442,6032,634,
K02000001,United Kingdom,overview,2020-04-29,1488,4076,769,
K02000001,United Kingdom,overview,2020-04-28,1518,3996,969,
K02000001,United Kingdom,overview,2020-04-27,1536,4310,320,
K02000001,United Kingdom,overview,2020-04-26,1355,4463,364,
K02000001,United Kingdom,overview,2020-04-25,1253,4913,815,
K02000001,United Kingdom,overview,2020-04-24,1525,5386,1010,
K02000001,United Kingdom,overview,2020-04-23,1512,4583,682,
K02000001,United Kingdom,overview,2020-04-22,1530,4451,847,
K02000001,United Kingdom,overview,2020-04-21,1712,4301,1224,
K02000001,United Kingdom,overview,2020-04-20,1736,4676,570,
K02000001,United Kingdom,overview,2020-04-19,1657,5850,432,
K02000001,United Kingdom,overview,2020-04-18,1630,5526,1105,
K02000001,United Kingdom,overview,2020-04-17,1966,5599,913,
K02000001,United Kingdom,overview,2020-04-16,2011,4618,1036,
K02000001,United Kingdom,overview,2020-04-15,1880,4605,880,
K02000001,United Kingdom,overview,2020-04-14,2088,5252,1076,
K02000001,United Kingdom,overview,2020-04-13,2162,4342,724,
K02000001,United Kingdom,overview,2020-04-12,2066,5288,657,
K02000001,United Kingdom,overview,2020-04-11,2163,5234,843,
K02000001,United Kingdom,overview,2020-04-10,2461,5706,1122,
K02000001,United Kingdom,overview,2020-04-09,2631,4675,1116,
K02000001,United Kingdom,overview,2020-04-08,2966,5865,1030,
K02000001,United Kingdom,overview,2020-04-07,3150,3888,1105,
K02000001,United Kingdom,overview,2020-04-06,3047,4143,567,
K02000001,United Kingdom,overview,2020-04-05,2913,6199,599,
K02000001,United Kingdom,overview,2020-04-04,2922,4000,756,
K02000001,United Kingdom,overview,2020-04-03,2932,4672,736,
K02000001,United Kingdom,overview,2020-04-02,3284,4522,657,
K02000001,United Kingdom,overview,2020-04-01,3565,4567,672,
K02000001,United Kingdom,overview,2020-03-31,2834,3250,403,
K02000001,United Kingdom,overview,2020-03-30,3189,2665,374,
K02000001,United Kingdom,overview,2020-03-29,2492,2502,212,
K02000001,United Kingdom,overview,2020-03-28,2196,2556,292,
K02000001,United Kingdom,overview,2020-03-27,2229,2890,288,
K02000001,United Kingdom,overview,2020-03-26,1931,2129,181,
K02000001,United Kingdom,overview,2020-03-25,2087,1452,191,
K02000001,United Kingdom,overview,2020-03-24,1718,1427,148,
K02000001,United Kingdom,overview,2020-03-23,1273,967,76,
K02000001,United Kingdom,overview,2020-03-22,,665,36,
K02000001,United Kingdom,overview,2020-03-21,,1035,58,
K02000001,United Kingdom,overview,2020-03-20,,714,32,
K02000001,United Kingdom,overview,2020-03-19,,643,46,
K02000001,United Kingdom,overview,2020-03-18,,676,34,
K02000001,United Kingdom,overview,2020-03-17,,407,17,
K02000001,United Kingdom,overview,2020-03-16,,152,22,
K02000001,United Kingdom,overview,2020-03-15,,330,14,
K02000001,United Kingdom,overview,2020-03-14,,264,19,
K02000001,United Kingdom,overview,2020-03-13,,207,1,
K02000001,United Kingdom,overview,2020-03-12,,134,2,
K02000001,United Kingdom,overview,2020-03-11,,83,0,
K02000001,United Kingdom,overview,2020-03-10,,52,4,
K02000001,United Kingdom,overview,2020-03-09,,50,1,
K02000001,United Kingdom,overview,2020-03-08,,65,0,
K02000001,United Kingdom,overview,2020-03-07,,46,1,
K02000001,United Kingdom,overview,2020-03-06,,46,1,
K02000001,United Kingdom,overview,2020-03-05,,29,,
K02000001,United Kingdom,overview,2020-03-04,,34,,
K02000001,United Kingdom,overview,2020-03-03,,11,,
K02000001,United Kingdom,overview,2020-03-02,,5,,
K02000001,United Kingdom,overview,2020-03-01,,12,,
K02000001,United Kingdom,overview,2020-02-29,,4,,
K02000001,United Kingdom,overview,2020-02-28,,6,,
K02000001,United Kingdom,overview,2020-02-27,,0,,
K02000001,United Kingdom,overview,2020-02-26,,0,,
K02000001,United Kingdom,overview,2020-02-25,,0,,
K02000001,United Kingdom,overview,2020-02-24,,4,,
K02000001,United Kingdom,overview,2020-02-23,,0,,
K02000001,United Kingdom,overview,2020-02-22,,0,,
K02000001,United Kingdom,overview,2020-02-21,,0,,
K02000001,United Kingdom,overview,2020-02-20,,0,,
K02000001,United Kingdom,overview,2020-02-19,,0,,
K02000001,United Kingdom,overview,2020-02-18,,0,,
K02000001,United Kingdom,overview,2020-02-17,,0,,
K02000001,United Kingdom,overview,2020-02-16,,0,,
K02000001,United Kingdom,overview,2020-02-15,,0,,
K02000001,United Kingdom,overview,2020-02-14,,0,,
K02000001,United Kingdom,overview,2020-02-13,,1,,
K02000001,United Kingdom,overview,2020-02-12,,0,,
K02000001,United Kingdom,overview,2020-02-11,,0,,
K02000001,United Kingdom,overview,2020-02-10,,4,,
K02000001,United Kingdom,overview,2020-02-09,,1,,
K02000001,United Kingdom,overview,2020-02-08,,0,,
K02000001,United Kingdom,overview,2020-02-07,,0,,
K02000001,United Kingdom,overview,2020-02-06,,1,,
K02000001,United Kingdom,overview,2020-02-05,,0,,
K02000001,United Kingdom,overview,2020-02-04,,0,,
K02000001,United Kingdom,overview,2020-02-03,,0,,
K02000001,United Kingdom,overview,2020-02-02,,0,,
K02000001,United Kingdom,overview,2020-02-01,,0,,
K02000001,United Kingdom,overview,2020-01-31,,2,,
